Record No.,Key Indicator,Error Type,Message
1,327120495,Functional Error,iQlmHPAsaGhakgVzyHOCBkLVcteMcB
2,814709915,Functional Error,LXeFtbsPVfYBySAehEiMAwvJVLMiFu
3,250865624,General Error,FbFIQtbtTltIgcQSjblneOVlrGLrWE
4,976185995,Functional Error,DPypGFprzYGgAMsPQQuBCjpGFfMHls
5,843334932,Functional Error,abfkBTvhKZmvmlrWaEjJeUZZzqFWMx
6,486801734,General Error,IXBbqRIyVuumKjCJTtKZRZThyIRNGv
7,192468105,Functional Error,xwsDkuDNTtsWJeTVmdpfplmyfpiHTq
8,800390919,Functional Error,mWfeDXfdRfFuDzTLvULnoRLSgqSoMV
9,572333206,General Error,DzOcIphoRPyOXdvDyrvSdNzRdzmUKx
10,644237915,Functional Error,HtLslRyZtSfWHjdezufnipnlUrPkIj
11,395256805,Functional Error,NwpmGiMJnkSpJzWQqgGRWwbYqhUVpD
12,444598410,General Error,ejialoJuhjtMZTRMksIWPsEVDQmUHx
13,607479210,Functional Error,uMkGNJKXbYFRSJUpoXcFivLtDqRlhG
14,440124296,General Error,sgncpKmMCHWGqrvvTSJakxhDwWMXll
15,413230257,General Error,jzfgiVtnsaaWrEfviJPsMZwsMyJPlO
16,831867502,Functional Error,tdIkYvjlWnNzdngjaGOKAGjWUoOmhp
17,655156836,General Error,CqzZOfCtpHxYSBsEbWFhYWqAgPGxwZ
18,393969306,General Error,mplqJpNatmUPLCEAppyArZkhFVMCYb
19,072759512,Functional Error,GVWvPdKRjnGAmSDJfXocfDOXZKBkNH
20,107570790,General Error,HupgIDRhGtDWUDSGEbpavmhtPpMoPs
21,344609833,General Error,rTgTFaZljvlLeDwOylEVdgPmeYcrTG
22,427748255,Functional Error,UJqYGnWUvSlTiAcSjmwiEPYwCdKGyw
23,287570334,Functional Error,JKuvLjoqelNljQXPLshlGpWNPdoSpK
24,465352782,Functional Error,qCuHPYLAYFKcIDKDErNLoRLwbhsASY
25,999317374,Functional Error,uWEOElXmbmQvEGPNHDkkvnEUAuYlqp
26,992017768,Functional Error,esIpRoQRmsLvclMnCzdlQDJbnQWNVC
27,900283694,General Error,kmPhqxPXUlPeNhIgihTNWehmtXdQzc
28,729539349,General Error,zVgjjpTEvALnjuMWiYxIBBaMegDHlM
29,813454247,Functional Error,nwbWtAkPVaYgpoCfNHvUwTKkgRRnpr
30,436385548,Functional Error,pwlCuYnAMRHYcOEUULksChdvefgIAe
31,075183155,Functional Error,lQgTUEgpwZIaUGiWwepWXxxRNVwwao
32,886584179,General Error,hRcbDFjIdzgiRqlBsHXtLVjJDMGQxD
33,752399261,Functional Error,hxQYhKBvLsrWtNUgjQnlTRImBIhULh
34,806053217,Functional Error,CvBcuIZiJedYvEpcGrwTUHlQcVnglT
35,110424066,Functional Error,MDbSiJdlLhvKHgXzIfTXkFxAmVbtCZ
36,941044187,Functional Error,MZbBzCHSbzCLWOjcorqosFgGVYlfPk
37,960309231,General Error,WZZdHYsvbJchgmBjdaOROOcknyPdon
38,442451053,Functional Error,rhsHBeAqZyOnYeOZzCXMLwOJOfVfhk
39,595945417,General Error,VvanHkQGnFRUsvyMDGnapuLIUsRhXu
40,920641140,Functional Error,wvOmfZyqtRSpcwKBQZxBwbiiovuvYF
41,479047040,Functional Error,MfoJwEudIYydVsTCoLXClGZRCAiYzE
42,864740925,General Error,cfflgGUbQnzBSGNxXNcfNWUFNwYPLC
43,994203649,General Error,TVtrbWRNaSalchLPjdMqoBxkxbRXkw
44,829811226,General Error,HDHinnYMTkXdeeFAJKgpTmwiLsmkNL
45,190916985,Functional Error,uToTLbqlnKApqwtSOLOxgxgjMoYPZi
46,599801222,Functional Error,grdpUVozraEWBslyMYjTWEmcomRGjG
47,781884948,Functional Error,iFXTeLZniKMbYeRyxeXroDGSltXWTe
48,048102337,General Error,VYhISYRfRzFCSjIeiYicFMxZTklKAy
49,076694867,Functional Error,DqXoZgLaBflBvaKBwUbDQOEqkiNGlJ
50,593217897,General Error,qkfrxXBljsNnryKOrUbPMSlJiDEdQa
51,076778967,Functional Error,fptlFnPAUkHXpQMwrARDMUKjVcfeHn
52,015726931,Functional Error,DMjiOZQzyfBrisJunIeVqVBJzyyToX
53,708269957,General Error,oiYlMxdWoStqNnQDrwbekvoXlLHuWg
54,322307714,General Error,MzkVVZmOAXrynNmTldHNjWHBJcugkH
55,071532816,General Error,LQDnFhMAeEjliEhjWmIURLwhQTvfhs
56,178026648,Functional Error,OSDPIKNtlfBRjMoQUXtEKtPTVRNOLF
57,867091049,Functional Error,vscuyRLXgnFfkAwThAmYEGmALeXVGZ
58,991463756,Functional Error,ZZxDWVxkKApDntfHowABHMUyzFDxZD
59,502119455,General Error,BQBRBwgLkhMfEVNSkaLqikQcOBrccn
60,426261216,Functional Error,nAHKDGuPCFCXcpyNelwKZqtUxLCGdd
61,780573666,General Error,GgvEQDFqDoxnkjVcYxBIguFzLIGSLh
62,846293494,General Error,QRyUwzwAtyhzsyyVGuFqSKTLDyBGmh
63,510058364,Functional Error,JChaWWPGSbcHrRZGGoQTfwWPMaqbPi
64,020501324,Functional Error,aUnUAwchVBpEMXqiTXNKEtHVkjvByT
65,149671866,General Error,zoMjphNZTqLRotIkMzamwbKqlFoAoS
66,290778060,General Error,hGBrsydoSzWJRmnkyFOxQgDJnvalUk
67,527191067,Functional Error,FCXTauBqkUtGKemiCXoxcHVRXmwrYU
68,761065261,Functional Error,mnBrwZRqkSWVPdNfOhCbXZaAcZPUiu
69,858177171,Functional Error,iffxbZhBvFyTBxOJwBjtjTePKNCyMI
70,638228221,General Error,boGRbMagzSrWyuyTzcLOBwyeQneOOh
71,539992023,General Error,NHQGrcnbUlKpodXhVFtJbVmquuhnMv
72,770129846,Functional Error,cvQiMZTWPwiBpQkLJSFQSoRrQQOqCb
73,740156336,Functional Error,NFXkAjTwLGhGMmODgxthAsEJDxBpJz
74,858022054,General Error,wojmjALrfsMnPtwqMmUiKOiAduVqwH
75,902524762,Functional Error,DeZFvpymhfvobcxFMjLdXYNFwkwTUk
76,661752601,Functional Error,raTZPFYXvESBDKqkHlamfdELFOFoDp
77,838355949,General Error,XWfhfcqoGdlKiSoPBrNMdlzsFiNWdr
78,302048847,General Error,XPCbUbAIRiWRPheuCIpTvdnUbkniqs
79,338264075,Functional Error,jYOBGaqluoaLCGjiPGZDyxsSAEiFfj
80,332861637,General Error,NbnTlxZhZsYlvHOACJRkPZugWXIaNU
81,325032672,General Error,XdekfVnqEIQPcpwyoiqRpGXTOoBDNg
82,087021466,Functional Error,kWKTxeQORKuMavXunHAFfBLXZjmQPY
83,920140810,General Error,rHrtpFQAqzNXvUjXOTaavnCvzOWvqW
84,599671386,General Error,ByiZQZgYRcRlzPgCkmNdMYMvnwcChS
85,102254782,Functional Error,AzdUUCGeIhlaelKxhbLsvWsPPnezse
86,581542861,General Error,GHBytzdmJCunLhZQjuQdkZlpYCAdBX
87,888070653,Functional Error,ysLlZqdjLdnecLRSnpLcfeNyVssPCW
88,064197551,General Error,jiMIlErQMHsEGxFRuqjHYyJaUvNjJq
89,037517191,General Error,xcVSESOhJBMHUzlibsuSZwfihTAYcI
90,460923092,General Error,KEhKnhrGzDqoZbwVXkAfSTVfwccgau
91,625920713,General Error,wYTQiaaCbANQEiFswwHKofrpsdXaDT
92,523609566,Functional Error,rElGVzOtkFxGFrHjkYYcvRUKzJucPZ
93,518483460,Functional Error,txgQODKtszGJdAmcsbfzIBgicqJmsF
94,492123990,Functional Error,InqUhGctsqiLaRMzvzzBUiIcwDFWGR
95,281256123,Functional Error,OhMUScFDykGjCccnXjazMVQRxkmzon
96,170345723,Functional Error,LmAOvNEBSYShZQCugigoSuvGKmzSqW
97,867910101,Functional Error,XqqYuBOUsiqJkboXaoIAYUzReFvIJR
98,302780207,General Error,qKbdLXPzYOXgCyAApCgHfalsTpVovT
99,586231236,General Error,GXDYXHCRFCsTfKaVcKYQLRGsCXTDqZ
100,865281446,General Error,iZaHuWhkiMyBYQiNLNFgSLyRisdwoe
101,560095789,Functional Error,FncBVLLvMHDcahOOdIpKRYMMYFqDaw
102,089753025,Functional Error,mnlBxiQCrQyGpGKJwbaqJYsqsuzOeZ
103,132528347,Functional Error,KZwsAiGgXlscvUnYpZTUDlYdMqmEkp
104,716091893,Functional Error,DdwQCXdnATPxEocVIMDHakScMQtsim
105,657652630,Functional Error,mGOOhZbkScGCwrzVZijbfDZaOszeas
106,201717734,Functional Error,fXgRcxozeTOyHeMEZrnWncvvraZjVP
107,763663514,General Error,PVoUIgowrqZtOmqFusuJsyeEEmOMFY
108,246419186,General Error,BtoziaEQodCDSERwdMcptVxjaBVWgT
109,119993967,General Error,JhkZKgXrHLZRttpBwuPyhpwribDwlf
110,860126764,Functional Error,sNHJcDYDzBePUKajklHpWLlZAZdarb
111,732549602,Functional Error,NODYaPAZshuObLMmNmfMuTUXRzYotZ
112,027050692,Functional Error,gpvetWjWwaXkwYUZuKieXWlwVHZBSH
113,968983710,General Error,snnXIENhZYUmthoekTKFFTGWbjZVzd
114,910972221,General Error,XcdulQXEfadixkMStRyOXjEsrwLxie
115,581667411,Functional Error,vIkhaJfqgTlivmuGmUSRsSNeDrMNsZ
116,633553584,General Error,KAthtvXvHQpgupDzRdIyaFmWttCGJh
117,113141249,General Error,ynHBPDfoWCXJTyOBDQngSHXAezVwCq
118,379169386,General Error,tMTxTXaLLenhqspdaOfZIYejhLRUgh
119,539700068,Functional Error,GIQwbtNcBJbbtwslPpZITTqCFqmHHu
120,059823017,General Error,GZoFRrOwftRpxHPkBNXNGPyUixtbDy
121,442232141,General Error,zftILmKZQUYthTMwmjcmghAwutmOTH
122,853532522,General Error,ALYPOhGToPoKrTanPXoJdXTbDfNraU
123,054622778,General Error,vQHPTmXttvgzqTzeViKnIkbeNhknvS
124,357064834,General Error,vXYYzQcUKoZuvaWjuqFyGefYEmwdXl
125,824524567,General Error,wkiVQgzfBuvrThiAVmYalknfsjNMUv
126,237141604,Functional Error,GwfgUtMEIyOhhHPaAGnwGiuDWxUMkT
127,379256160,Functional Error,TexjBttycsKUPNlGtwNpGoHRtJAAJt
128,562374332,Functional Error,OvRVtqgfCGzSUyjbzxpYchSqEEAoax
129,080952207,Functional Error,KkbdtQtxZWuUZfrkXHBgoTuBqcwVbV
130,294623880,General Error,uIqQUIhBhqwknaloXWlhuvLhaasSKR
131,994302481,Functional Error,jIjONBNbmGNYlnXzBJskUCkRGOKoCS
132,431070793,Functional Error,CBqNFGUZxPxWLBZsXXFnhaYeQLyFkv
133,215936289,Functional Error,pWqWVoJpukOohVUvPJLDCaHWUBYZDl
134,785016616,General Error,eyuMpHCSGPWaRbHwtzJhrkmZRiZAyd
135,372505934,General Error,jhtqIDqGxOMOpyydzjIpzcqyszWxwF
136,508198538,Functional Error,bLAlvhVZuAMYbzbUaZbGyKiOwGXSch
137,976371893,Functional Error,dqOOIJuugtJzsxZKBKhdHerfisFyiy
138,203935055,General Error,OoYlitLFyVDAxUcpIvrJGLZZPLwNIP
139,976557078,Functional Error,EpDBsCuQzhJsNEZcbDNAsxXERSCimw
140,651794652,General Error,FakuuKtUuBCtiyRaTstWFZYxJCvgwa
141,660799842,Functional Error,FYnmAgNmixwrWABPAtQSCdmHfgxfMt
142,299387677,General Error,iLVTecfPTvyKFtCWlkLymyqzZbfObG
143,644482354,Functional Error,GixbDaoFxUucRExIFhKMmCGfVbpxEN
144,539839942,General Error,XHhKWBEQvcHKrIsVIDWgBIqiLXtWji
145,692029097,General Error,tdIFLSWKLwsorKLkizBtbZLUxqQlpX
146,797176878,General Error,EWBsagFXATsTSKOlYPtnDPHPsqBXCg
147,942677102,Functional Error,rBfcXcgKIQTKsiVQjhERLlxdyoFAUY
148,609569842,General Error,xBmrxrlexKuVTBjHNVoZUvaZdrfTGy
149,697413249,Functional Error,KBTmrFjdpRwxCkjbFXHzWEHKFjvnWT
150,381654506,Functional Error,BOQltpYcVKOwWehXuqxTQsFQvZwLfl
151,110406834,Functional Error,gJlDvalLfsiCIXxVEqTcoDMYVbGQwo
152,559470754,General Error,fYZfHCsQxtxDZdGjCUbXaeMvWDUjiq
153,231319962,Functional Error,WDpodCTKMjoOIVnxVMQasyQUWUwpXB
154,070982395,General Error,TPrkfSZlaCPpInBCqbXSJcJNeWFtMl
155,788669559,General Error,guhJkmFupoSIpvNOfYzqzxeFZjADQF
156,475666380,Functional Error,wcJRbaQwyGvsmCEFFoKWadNLgNsHNh
157,855069519,General Error,GhqJbwHWkrjIyhWkjyOHiwIWpidXXW
158,980567318,Functional Error,lcvrANShoDZmfBNexTCBSPZmepaDPm
159,872223316,Functional Error,ZAwtjqqiWlpqxCDMarLNAgZSGsanxo
160,980341020,Functional Error,mYUHMBELZwcQujpxQFFWJGdoPkjOgU
161,280180408,General Error,xWipWNJBTcxmEPFzNqNHGassQkCetI
162,036540647,Functional Error,OiCnDKOYABCKTDVIPKvkGAEUjkbVzz
163,932778143,General Error,LSwJNgbhomZEFfdQgShNXhinHPwRXv
164,752634194,General Error,AxsnbFMcgUnAIsFjEGFMDhQioXywUm
165,511827215,General Error,BFjUTScIuwTYZfVwsuAYnbWEmECPCF
166,373060285,General Error,vMBLWaDhJoRPwYeikJpasBpXNzTBBa
167,732392205,General Error,NYUvETcUiapQuuSExxhLddKqbHndpF
168,909143880,Functional Error,aduDGMWOfKlPaVuSDnuPokhvoRkOaH
169,769127093,General Error,HhNHfLTKVTClCYXeRuTGQfHxwtEaJM
170,900423067,General Error,MbmnRJJiwZxYdCnBIzWtuvxVijaRLM
171,024888850,General Error,liVvSWLMaIjRvMbJueAjCHRHuBtaLY
172,375722487,Functional Error,TflQadIJqSgNZEqByTjRpaIcaBSUvd
173,388389321,Functional Error,PtcTQjnJOyBZyFCKoAwWoMLKmGhJuf
174,970344891,General Error,lFeWPBcPQjvyJvShLGrMBlKzNawJWX
175,937668733,General Error,qhLSJHCKMltyuTQPPxtahHTDyXeOLc
176,889156537,Functional Error,CLFGpVybwePxWnmMJXCzAOhIgEVAMD
177,286182769,General Error,BrepxsfJuHhnxrVtRAKQXrcFOmGVzM
178,559731272,General Error,uUXcKlweNMjTeOpZmqXZIGnSlqYDrQ
179,738429295,Functional Error,xThGiCPmmGVmusUJfULUbwQARyZWCQ
180,425516386,Functional Error,rXWibTJPaboOxGUiehIzssvkBzfNig
181,084751771,General Error,WIOeIxIpjMljQbVJDwQtKGlyphWCCT
182,130739638,General Error,ioWngOUKNldUbvruoWXXXompjsLzJr
183,287816692,Functional Error,JXbKFzhSnhBCdNOrjjTNMTYaQBYHdY
184,280536636,Functional Error,mrPFuEDaUKHKlwoIhSVgIEaHVuQHtH
185,805694894,Functional Error,OyAKPnLeznWYNEDDnTSkMdABBKrBTE
186,070409854,General Error,ZLYJnirTxMsftgKvLvWkgBfHZYtYLi
187,735533019,General Error,TjWQKHssqENzSGOzREtZslSJjgmVeT
188,655624929,Functional Error,XgrqtfUuSPnYFQiIvhVlunHCxvUTOS
189,902983980,General Error,EDmUjsYpIcqVHxuEKDwYbdAjLaQeMB
190,624434557,Functional Error,HnJOGNAnUZWtzkQtdOrgQIREphCQrb
191,078061928,Functional Error,CwTqilJFYkuZcxMvMArrOITGyDZCYt
192,056751706,Functional Error,nPwhnRsFDvgMaeugVClpvcDNJWDWSt
193,361741974,General Error,NoLPtqYqcKWXcnnjyuHGoLynMZmTnM
194,076246135,Functional Error,tqjtGpwDOMeRYcKspdbrFkqonazKhh
195,414515508,General Error,HpXEWVpmwADVWOerBQcVfYAYLhMMdz
196,478212104,General Error,eFHnRwJwhJmWWcRtDilRvBfygrgTRk
197,027059378,General Error,jVSOvZPZpoVBEjsQulNLBweDUhMtKj
198,352281222,General Error,thqkMobacVCwRHCuoYvaORiDgTyFOv
199,565716138,General Error,BZOzsvYMktmrfptACaTBYKpaObYYhF
200,470474173,General Error,JryQmjHctzZdsVKmktvNapfFNOfHfP
201,946968411,General Error,smMbIKqaYcLQZHqxDEuuMkhPXHiHDe
202,399866148,Functional Error,joLicWzGxSTJNwFcYFEBggJrGHQXxD
203,193708783,Functional Error,BfyaGROhaMztZOblCGSnpTkJhfVkoe
204,725931360,General Error,HUMXXYeAyLFaHTbBgNbtctMgHxAiLx
205,324996558,General Error,wDClkUsCBcbQcrgDMlNbpnCQPvfjRn
206,043301132,General Error,tXIHWCaciFtdZGxIyroOEafuGnqgbU
207,914252989,General Error,XWoWEowOraWDxMCXKKWVIwpchblhri
208,509962684,Functional Error,DHHCbKBaAOnZLgVZikvcYxAUqbOvnD
209,620430417,Functional Error,vANeMcaHkCcdxsqAHQTrFAwgsMbQiu
210,293100089,General Error,PbbBtIBCckYTxXdWGJWVmJTFVabqIX
211,065175911,Functional Error,hNRQkiAzobhIuRItPoKWYpKuYgmlTZ
212,992499736,General Error,FXxuHFeWSMzEDGKqomCgkFQtsJyUyq
213,846815354,General Error,WXWqDQLMHQkrAzRDCUguEnzkFvLzjc
214,876757983,Functional Error,mGBBVezFypGxLfBhGMVfSbhgMIDODz
215,175973242,Functional Error,vmSMrsQbbZxxidMGNCmbOtVCzBherW
216,518574580,General Error,abblfMQlZQuastohdLUwqfxTbhWpMZ
217,418411302,Functional Error,jQEJZugBmWbQAXSDmfKxgkyovbNMGH
218,934137145,General Error,UtyKvEdaBpvlpIZcCCrWQNZLWfMTiR
219,706853384,Functional Error,eGTbEgZtVJQLMhjzuMgMItlbogcjaG
220,978400437,Functional Error,yRkBsAKnxjJmYeAPZMsgfwzViRmMWR
221,818133831,General Error,pMdcTPtlZaUEEanFjpltKXYUkPCmAo
222,207117997,General Error,iuxfPhLLldXcnFUYGRwooZkhFCCJzs
223,052362333,General Error,cijNWGJQNJqHGJsCtUCBDdtdfByfRR
224,231801991,Functional Error,MUgqOpwCUeOEXmBCOdLKHaUHNBHpsC
225,548548075,Functional Error,FfwVwQlzcffawrXWVeaAhjOsfQVyTr
226,939630849,General Error,TLCYbfoanqBGzkkjIWtWoEOgRmnpVH
227,997599555,Functional Error,KIgcpXcGVzAQRELCuJwtmMZXqFpkbA
228,579343982,General Error,oBHyQkJIwVMVTESRfiMzoXrXhXYKmF
229,984439500,General Error,DAmhUqdweYyrOUwYEYELcbVvRADceh
230,570933777,Functional Error,RPabZjCqqcHQYTEVwuvquSDYcqlAkF
231,601853024,General Error,ogIMccRZAVcRODVrQeTJiSivxslfsB
232,933268043,General Error,DrPDHYnQyNvoJlVLzWcqgMUwTjkaGo
233,015692287,Functional Error,iIaUdLfzLiOvgyVAULPRTBWMKRaUAi
234,666642575,Functional Error,jAgfbZhicFkwyJRQnaiBJlwQQMKRmK
235,832752023,Functional Error,ekJKkFRRwXzMgHDMTylEcrcAEyNJJy
236,771198996,Functional Error,rdHwWrorixQxgmIfgurRudLJNaAgKI
237,666631320,General Error,ZhkXRiBVtrFqecRPiFSFYDUrfyqgBb
238,569141142,General Error,OPVkExTcyMbHpHXLsaCwqXxzMAfYkp
239,289791252,General Error,kbGJYfbLXzlrHDeoicdZPTAvMFYtKK
240,771240038,General Error,PHxgPLOSxNbQGyCfnQLFqJIezYXBgv
241,277961041,General Error,sQWoIdpGmwAehJeRcxKRqPTIAmeFMr
242,091957598,General Error,IsCjiTmReGZEpPtfGtfNxyrByZCMzx
243,569770399,General Error,KuXEAjcNDXnEaRWMYskofGIKofClcR
244,518531017,Functional Error,WOhNKtcDANpywKcFjacBDJZKqRMvGB
245,542376126,General Error,WmPIXuwhZTrqVEvgLMakRspqNijqvk
246,577650510,General Error,ajfdJzHvVbTtlgzDhAzCFaQBuVcxdt
247,014555058,General Error,DRhccEOhPbwuBYxecqMVONBByqSYob
248,055400816,Functional Error,VxmxWMSirkyNptKuETlJzwjGDMnagX
249,605626527,Functional Error,qSveFVZBDCMhqlaxXeGQQSycCDWHlt
250,710402316,Functional Error,PAiAkerZLcwKJhSboUJrXXcolAqTeb
251,205632079,General Error,pynYRWQGWbnyVyOgJxFAntDnhYLmPs
252,732741434,Functional Error,xISIUefuaUODmqvXifdjpyvofXOuQt
253,963361836,Functional Error,YNPSYYaTaqBbFrDjmhEMYMocDrPrME
254,725723137,General Error,wDAAQjRWGIawINJMetWVLGEerQiHWX
255,792512368,General Error,KrINsOAimbVISxpLSWgQCGEcXjPAJC
256,169698796,General Error,TmeuLVJcYTGqrdMFANXmmsOUOaBpTn
257,084402934,Functional Error,lQLxgvRYxIroHNGzoFtBzWeCJFHykq
258,769170426,Functional Error,dGpSQNPCmHstNZRCjvhCcBPThhhnny
259,712491815,Functional Error,TOABABknVOcVWoUgOYfaQQxaDVIHhi
260,118438907,General Error,UyoWtzVKYLBfHzGJXPbqZzZHMsHtfI
261,745454154,Functional Error,GtbqGJHIbGupsohkZjhCWXvWPcEOUC
262,438455147,Functional Error,XmTTxhQDxwOKSDKmmUcVYRZiqhjRFX
263,056386751,General Error,mfGPwveSjondLDilfrSkjJMUXPphFm
264,195277463,Functional Error,kODkcrrobOaZGduAkcuPkAGjvHDuOr
265,810885369,Functional Error,rMqgWZedLScNXerzaoYFZXTtGKjmnj
266,410076109,Functional Error,qTzTtusCJywvjtyZnCCZdLPIbbOfgr
267,054068280,General Error,lXEGSzmKbcrkojuWTWvKpZjQovJlkN
268,797114202,Functional Error,SkgPiOZfQuUUKtRXTVxiBtfTCvzaOV
269,150119075,General Error,MJgZXGPfOEWWbKadaGgkrBNheIbQNY
270,112149491,General Error,xNafAMZImljIZkCSTnnEhpgjOfKGVx
271,318058393,General Error,jRNQrMwLJBWmIjAbcuMblYQGaqQOqi
272,594050163,General Error,vidUVWUcrFBZSNnudDcSeQDpsctlNg
273,999523923,General Error,cLXqmCckkIBQjchkwEKMDFmjWPZhIh
274,723695693,General Error,TRBUqnMULhVRpBsIFIboPdbYQnoCag
275,984707243,General Error,vadZHWawdheUQXbUdbdfDrHlsOfeaS
276,023926571,Functional Error,knWOheFnZlyPXwjsyOZMUNQlSQwred
277,719004293,Functional Error,XvzEUGHPHfOfuRLqYVmCpkZASilvhk
278,861572944,General Error,jgCUkncTKThHNKPzgiRTSkbyaaPlJj
279,364441521,General Error,wxQMwBQVEwmJTlKIzVxZsrSYRLSTxh
280,839991614,Functional Error,iaJlPzzNtmENPjMJqeSRaLgrjqLgVY
281,699420096,Functional Error,HJoquakTOkQCHAkahftCYVgTgqqVTC
282,668767900,Functional Error,LFkuOgyPrYGBSdnHZYymGtKNNRxyvH
283,358610796,Functional Error,RumlYEYhNKtfvnvtEtpEHoZasJmIkL
284,956124092,Functional Error,VXOikzixTVQFVdbYoVlzovpeIuJaiC
285,682964238,General Error,eIXeOGPVekbABZpLccyQeYzXwPjgig
286,715722773,Functional Error,KMyMVBzkFobaNbSFxFJsskdDDaVdgQ
287,566187807,General Error,uRwMwFGixkdKPwQCRoNfWzsOYXwynL
288,185320206,Functional Error,QaDuzZrDOxUmtRCIflvvWkYUigyuTw
289,401883738,General Error,kjxOFkpLEMhjUulpcJNoSRqjJKXAwW
290,650049820,Functional Error,AWFSzWtcrvfHaCROqEADrZemJTztno
291,743061164,Functional Error,fMSBovgauMxfOlBxCVzSFeBmFBCUxZ
292,645484989,General Error,FimWsgPzVchKqmMfphhsNpMTZyNnbN
293,577656549,Functional Error,DqnMyFLipVFvcMvOwYePlvvbNypQPb
294,182583140,General Error,xgrZunZniCnTqMZHiCaUGdXRclByZi
295,309515857,General Error,GFqZLTNoMaLMWowpOLcRvDyiObZRIc
296,605180781,General Error,yrIDyUgYnVNpfadwTuSJJwroFpeMwU
297,449610073,General Error,YZcMgfacTINIKrDzheJGjNJDnAtIiP
298,960632722,General Error,nNkjwKjnLeRZUQLKUcTBHUHJdHbGQf
299,496167608,Functional Error,ZmXQLbMjoOemhUSoJADFocSMBQbGbR
300,401963051,General Error,tSWabuWSrgWWXpDtwhdTSOYshxVhOP
301,525640392,General Error,YvIsgcXVQyfasdBINSpEQjgzTWqNkX
302,305469789,General Error,XelCMtBDnSwWrDaHyrLtsCoRWZxFFf
303,195277026,Functional Error,OCmzeWvwhlFejoXsSYFDmiESXOdpFR
304,095270150,General Error,zCkozbcUBVqkCzHxpuqEJaYXCyYGRY
305,578593355,General Error,SPPBHinTHcqLuVbWhlBgjRoWkTILNG
306,484206278,Functional Error,QVaUGVfXuhwXLXqsMSaBHzQOpvyVMX
307,128636866,Functional Error,YMvhYAplgubgSLKFJnxkyvKlyWKxlE
308,845221638,Functional Error,SeMAEpvGGuxQddPGAJDrMxxPZgZqZJ
309,218625563,Functional Error,IdoHzLcpkScESBQOvXReYiUarqdBSM
310,341642079,Functional Error,QqsPYeEHKlWDlJbBGnwzaBtYZkcleh
311,300374987,Functional Error,QdJQgJxAmUFCdVRVaWReOnIsxWfpRi
312,968355659,General Error,vpFRIIILcKcfXapMdBVAAPutRVTCUP
313,736114492,Functional Error,CXRekJNUkBhvMYRlvKItKUVURwDKdE
314,120044517,General Error,FVRYeQsMoSdaLyyGleBRJiOEyKWHTq
315,982660934,Functional Error,XCBSjIHGIYccFLKtzbkpIcayfIYuOx
316,828921507,Functional Error,jcXzBeFESlmNjfWVyOPzdWKgtfdvQp
317,280902070,General Error,MjKePtycITCkBZxeSwStQIYUZQggfg
318,236771219,Functional Error,mUpubSljNmvupydReykeYqpGIyKkGB
319,949509403,Functional Error,NxdXfdJoApwpSJfpSDGSYjbqIVchce
320,922118836,Functional Error,JZUxEbbdVkvLbUaHnVfvstUgmLTgtd
321,196691967,General Error,DRgbYZjUCmkHpNfvabtjwHhVlqdJYo
322,534186960,General Error,eNHvzZaBjcwPzhIwNKhcNrpIooQfOx
323,340264012,Functional Error,aIkXOZmeBMBWvTQzHxFnjblizRLKXj
324,545870464,General Error,uuwPhfYnNfJmcHOOuhphicmpUgRpBf
325,025524205,Functional Error,AVvIizcroOQvOXKcRasGjkQEycdzfH
326,430097262,Functional Error,JyvmfooHPLWurGCLanDSSKoqvNlPhW
327,807661535,Functional Error,RXnOEOxQnQXbFuubfHpeyvvQTgzqwX
328,315816224,Functional Error,saceaNzCdrlgCSauRfKPDwtMwReKGN
329,534612498,General Error,zmOLSadPnZfpHOvyNaFNEBiKglYkRV
330,669218043,Functional Error,TAdILgRNJQaAPXFxIZiTuotSPLYiKe
331,922166217,Functional Error,IPhjwZIzjAvfoTMaRCqWAwvdaiTFrR
332,550862305,General Error,zyHFuopRSJCUrCwzfvUzTXGJTFtSpR
333,442687791,General Error,qpozVcfReiPvoZTwNlhwzzCQyTWmtH
334,441275504,General Error,vpJwVDNEXSNqPbKXVwuLeAtwevgEYf
335,580456986,Functional Error,BxrWJvjGtnFWAaHKpBRqDISojxiSPJ
336,957460529,Functional Error,JquuoSFcDrIyTAnudtyIOUxgZksGpR
337,697888318,Functional Error,pYjCfCfEkWcrsDYBxIxeJkbXHTrsVt
338,935420482,General Error,hyqjUcapMFSpzEpkNnJuJQnuokYImO
339,449615130,Functional Error,qqiSzHicPNSSyYjmtJIhrcSBqMEPxH
340,301519160,Functional Error,MykKiawUzImqgesGFdoKAROkSwTLih
341,779978023,General Error,ySpYHecKEQyiDhJGxvLrwbCmhKJdzr
342,060896920,Functional Error,FvaQJxnFFvAYKFzuULlGiofyrANifI
343,773257021,General Error,wQULsPjAFXTmVvXWWpxMWiLLNosEmV
344,100990171,Functional Error,XVVvtSLznZCxdZpXcfbCucGhhujSep
345,894751697,General Error,LPwPEdgbGbHIMDPRTXRLKjjziSkFfm
346,624985231,Functional Error,djyyRIXFihGUNwuOScWRwcuogNgKMs
347,994069035,General Error,oORpusFukjmqobFyUCLnnqkVYoQJGh
348,448037928,General Error,OEfuHaxeCPJpyqaNbkbMNUCQwvTfrg
349,524541930,General Error,wAeniiOkpecWzuSxWSXZhqoKNbXFZn
350,942099462,General Error,uYlmIrxjXVXuCJenjHWkbrdrBsyCoo
351,649748328,General Error,zqraJpgiqdxGbLfAMpixLAZSSFZVWd
352,028140590,General Error,aTcUVjpjLmGJDsaedEHkeArlsmuQgr
353,640376885,Functional Error,kEWrtbkpMyAOdXlFwNFXrSmtMnQZJe
354,694933970,General Error,BVBuHChtRaFEaykuALyyXkQVEYlOsD
355,252359885,Functional Error,JVgqRQwAQHvynqyYVzUdWgpHPMGWdC
356,238392369,General Error,NyiYtFtGPSVuFZqwhpEKgjLSkBDsNH
357,575860900,Functional Error,bIUQvdMQeZdXJjiYXhdqMheBnIGKEE
358,170588190,General Error,HqtnkANVkkHaKLIyEqYvOKfPDrJcAu
359,994912014,General Error,HqqgzDxMtPzTWqIDGjduXiRutZYRJF
360,548185752,General Error,oJWRQWEJYnQuZvHILiOEEqrhWiqtiS
361,684424884,General Error,QIgONVCjSFyohxfiNRQcknMXaCfPjX
362,502669729,General Error,JgfayAeNhtRQxrHXbTsogOipfTDWVQ
363,339566677,General Error,wILKtSiOZKgUzNKreJDfFNKLVnHCFS
364,392793957,General Error,fShMuxAZthnWHulQrircYFLVhYDzgY
365,770978436,Functional Error,tVedjMApdYLNzPmFRJikgSWnuGYXct
366,443577196,General Error,YAOfWaoyMdMGKqATUViRsVvpUdoaYt
367,165083516,Functional Error,YWazSgUoWINhLlKQNQlhlTzHvqqZFG
368,166331798,General Error,VrMsZEqMHWJQKXrZQHlOUgYtHcoxmY
369,887546470,General Error,bIZXgkddfiRnWfaaBFnYrDutuXHwrd
370,180112022,Functional Error,OMUsNTWePngJvwNTYqboICVhVkSrRT
371,653132855,Functional Error,FSnAVifvTDnNDGCkDGiHABEryjbFtQ
372,790973932,Functional Error,bXvvGCXSFxwiZSIEspZByHSgqGaalR
373,879202096,General Error,DvWirJCdrCThvWaqTvuhFEdERTJOCO
374,968331956,General Error,JBLBoMhEYjGAAPdUNlcFGrNofFZJys
375,276169849,Functional Error,aEJrGqialQovEpSwJncCxiSyITeVLH
376,460956328,General Error,IApyjeflgBooaepvEyBBgHeEwEVget
377,224661250,General Error,yZLMbeqtSeDpKxnbXZuPksMLEQsCms
378,918569769,Functional Error,mLbXkPnPBXxQZyeTdBVYYmPGwUhcsE
379,320627221,Functional Error,fBuhoGVmKQdZIoTQPsRkkjnUNjyXhk
380,133606856,Functional Error,RKmwaZxpAuCLmXCQCyLPEfYfSJZqYg
381,794467034,Functional Error,kPYZzUkefHdMRAxyBolhTyPTXcjhDR
382,118593510,Functional Error,rClLwiZNEpFfxszwuwTAxgYXUdCLLc
383,658833649,General Error,AWGjgPCSmSBmTqTehCVxSmFnzmFMiO
384,743626338,Functional Error,UopZHLGPUGRyenDIEERiiOJrGgyVFS
385,888387078,Functional Error,rfIsptkwiENWZYUawCMlqQPVenSOHG
386,264620686,General Error,ZqAfFMAkbTYaFsffFkUCsTtoKzVOdZ
387,147106643,General Error,lCsltlGyQowekXQIZgTfCOKyKmDRxm
388,128984195,General Error,oqEAKkzPAkGKnNXymZcTfOvWJbZtJg
389,215056757,Functional Error,nizAljArVcegKEGxvKIxkrMWcAgbRQ
390,557169575,General Error,PnbATIPJvvEDhVWNumBJIiYJFKLBeY
391,544492795,General Error,FSfeeMRHrerKOSWzGpKBcZyCvvVNOe
392,168132593,General Error,dZsTxgeYJnrBIdmdqjyJtbQLMTHPtn
393,428279111,Functional Error,mkbGninllQJmIWGCJgDPpVflYjJfPA
394,361245469,General Error,uYEPzTfjhcqcDuefzmIMeeONTcmbUO
395,313160141,Functional Error,TeXcnSTGxDARJLQjyZKRkbeJzwpBGx
396,617380524,General Error,dYfOAzrIqRdIFvRxRmebMOUoPoMaEU
397,590751639,General Error,xfJnjSOEISiEWNVitlAkqXSBQSrWuE
398,063600370,General Error,YhRGFFYDaSyFEwQmhKmrdJTMftpzbW
399,959010809,General Error,HdbuDUEiRyWnOsnhdQyUbYxMiVuBOS
400,333210541,Functional Error,RtbxwNsmUanLCLZdKHeRjdsxNxojFx
401,401903328,General Error,krAbNlLadvWIqPurLKCUPDzANWLReM
402,718588535,General Error,mGpJyQFuPDDYpNzKSGEkVQBuHHnsPr
403,620720547,Functional Error,oaBDuoeJqAxbRlSqQaqkpewLLsOwAM
404,913272025,General Error,TopdOjbCCXkmnyMHqLzrKOLNhGdjyI
405,872458437,Functional Error,eLyuhXyKXMmGaGABRWYjLASJzYxNLH
406,474430081,General Error,nYqSqkUoVqaAtbvdEJnMJxVYfGdsqS
407,375372523,Functional Error,unXInwItauxOFhhewNBgJWgBJFBaFa
408,666353657,Functional Error,LRqCkyidmdqpzrbgfacptsbdipNfIA
409,690407517,General Error,EFNYmkChMiJYCLCYHqtVWYnpxpJDVV
410,717823738,General Error,cYlMlzboeIfQtOWbSnEbSpNZqRFbao
411,773268610,Functional Error,YGbTbgLxpHuHPppURqOUuYGjIkahvT
412,410515327,Functional Error,riwrVUwWWwPtPGPwVNgKNoVTsrRGgF
413,478475368,General Error,iDtyoWtFOfLUFpBbBqAEeezNpTVCSw
414,793120002,Functional Error,loCbyObxjYilIEiaBTDBYCISgRjxCo
415,038853658,Functional Error,HmrxIyWxTNKyXroTFleGuAbjTVTfhq
416,106692204,General Error,QysLgxIcJpkSDcHqLUQzwfnPKHvStu
417,142992073,Functional Error,GTrMePiIRqXXwMzgxvqUXCrOfUANDC
418,064917412,Functional Error,LagnhRamCaPciMjbrgeeTTmCOsaDlh
419,858619120,Functional Error,FIfGGilhIFlSXPuCdqWnNDFicCYies
420,091736379,General Error,TXKxEEWdVCEYuktAHLXbzuuDMvTQLA
421,285978243,General Error,AtxkvBTUWrhnnLNzYNZhzKvdCRoMnc
422,171628080,Functional Error,ZWhrZCvkidTDZvNkpHtluhgBPxFgcd
423,310935311,Functional Error,zeZvkbkMiQBBnvMnzUEslhIZZjvSry
424,612454854,Functional Error,ZXDLpUpMpjmbsHiBhMUIZiuNhzglfn
425,570062255,Functional Error,NIRfaCfYCSigRXwIEYnoadTyIBlEly
426,464371048,Functional Error,uawekgbVAVuWBesBKvphKbQjuHkXRd
427,620393085,Functional Error,LoukrYXpElCLkgMTxIQvqKFKbrBPaV
428,381459928,General Error,mSCxcaAxNXpwkcslOfZKqItiVcgpLm
429,186588183,Functional Error,dcLFrPgvCTeFiRpPOlRnAgfjPOcbtc
430,551654347,General Error,ADnCikhudYEzTpgfuibzPnuYSsrunS
431,943559165,Functional Error,pluhBbVvNFOwDgOzTiACQQvCxxpgEz
432,571633476,General Error,osLsqViDxFWuVZUewPxwHuJXnXYtBr
433,623526391,General Error,pYglqtibDdQLpOeDiMDTgRNFGZsBjA
434,446758528,Functional Error,tiFeenZOXDwGJrdQZFnZYHAknCphmn
435,704237528,Functional Error,wshyyPHvoPEzQHhubIplkroiiGpdEM
436,692236723,Functional Error,mXxWJrLkbbhbRDZnLVcrfJGivCAiDq
437,202693976,General Error,mZQcKMobVtFUILibmkqVKSwYPgCycG
438,501065040,Functional Error,qJnjMWlRhBvNSajtyHfegNporYlNyp
439,929677303,General Error,psqtQAGWhMjwomGSgFPYaOLXTriLil
440,583861681,Functional Error,LNKkDBicCDZCqJieDeUeNnErVCXcKw
441,709926022,General Error,CSxOaCnEsiVZrtfCvASslHVENSUYEa
442,919561494,General Error,VjkcGuBTSXNphsQnvNLPafKVRmrBKl
443,594327492,Functional Error,ZrlWntDBgCafenpauMZfgbUzVhUsZz
444,477264580,General Error,PSocQXHVxLUqoaltbEqodBZZoojoLU
445,412944374,General Error,yaUOzTJowpBAsMrVpdtqrWZRlVUBOK
446,537951690,Functional Error,FNePsnDdeCvAQibBrNhHeHYCOXYpaJ
447,216219797,General Error,oOXYpaBmmWcfGTyOFsbbEUZlZmaXAi
448,492726289,Functional Error,yeCAvgIJdxfUBnwwZgHWYdcpVGajrK
449,526318126,General Error,oMITXiFspvptwayUCwuZMnebOWxDjk
450,583451802,Functional Error,uxloZtLRUlhItWDZesHKCmfjqQzYpg
451,013483563,General Error,jKJhhwRaAnxeOwaMlddSkjhBdXcjYH
452,870544415,General Error,dCPfKcqjMikZXsmfWUCUWmPsAefbEB
453,462959891,Functional Error,MuONWQelzhRUmbwrEDeTmGBnBKWKyl
454,697048799,General Error,GbbQwlcGWtHhtmFecfsBIYeWgImyDv
455,392744032,General Error,dRnFhvkztOVchvLtxckKsnPcHwQjsP
456,503160908,Functional Error,lBGXWSzOYZEEgtOwWeGFGwWKFKQunG
457,964302027,Functional Error,jaAGxiSLsvRbwFUIuckwhdhmjglDJV
458,008413189,General Error,MYUcanFYGaXGgOPRTsjeimdANmIJMW
459,610600817,General Error,kotzfSuNWqaGDAwdwbfbkfoyDTCTCp
460,077232902,Functional Error,AfqHkAGDfCUOzcgvBkydXMrcnWTPuY
461,085393642,General Error,fWTSGbINxTsNOWxaVPrSRxkZXRqlDu
462,301670162,Functional Error,eMxBInCWplucBVhmwFsYlIVfxqVlsk
463,746307282,Functional Error,GOmQugAjcxYzcvcXAjIOIKJiaEUGPJ
464,068159726,General Error,WxjtybTrYwthSBAIarhCFLdsdjGGaJ
465,840472766,Functional Error,lVtHecdHoSzGLNPZMyYYqAyelwDmAl
466,055007255,General Error,XnKuqJLomLPjfbkahdKaHhSpUIpUEG
467,964050324,General Error,cIBovOBzxnOzaPhkejetziegHEBgSX
468,031318973,General Error,hukSXEOeSXTCQWtJBwxXpYQsCSORSh
469,086906477,General Error,MuNYNlimfySYsBGnzlzrZcEOMxUcMp
470,522468590,Functional Error,LyAeKMbCXoAHxuNnHhkPEAxvabSVpC
471,259843634,General Error,JMLeKLfmbKqambuPUGZWqwVjaEgCVo
472,197835299,General Error,ForqMbzYrZmWKHGRMUlVExMWFSHscU
473,062041689,General Error,rKVreBuNwjwJPuZRXlFbcGoWsHilQU
474,704126241,Functional Error,QQUNAkdhmIOLxKybUImsQMzAMYnCup
475,891212192,Functional Error,LQPZQeRriXWGwXeoaYvYjPddqeMYjM
476,321153946,Functional Error,BQQvkhIRFEQtThwtVzAYioxrTAyjYb
477,201643930,Functional Error,nMFWoLrhZWZuLPiNgbIJzmLMcAtDvj
478,317169652,Functional Error,dlCOaqPlKcOCUQSVJfBsmeqVwOUGvl
479,608368047,Functional Error,gmhYoLEMuxLMPVCtpZjFhzjIBTSVZK
480,558852268,General Error,WlKsZNqmWIZNNYZRRcIfygDrwEYgzq
481,385891263,Functional Error,ThtfxUILQdnZjWfmnZUbbkRAlElADP
482,884303704,General Error,JCLLfyUpXjAEtQkcmWRghfiAwvZcFR
483,517040953,Functional Error,MQgsFmbLCBAzPRsJNcJyJJAmhfoYox
484,585218773,Functional Error,QRxccUNURYDqCEFdipvEdbScJJkvzh
485,215197295,Functional Error,GLFXcCsshJwgcfocOWXMAOdobgNTDD
486,344428977,Functional Error,jyKHiChRbkhJjMfIrbcUezLuenmsVQ
487,620015639,General Error,IyhOVAKPCcpHnJQkbbZabsRSgWSJxN
488,656679802,General Error,luPmHdepsteusaJSLkdLxrjrDISCMr
489,028311308,General Error,xvSjEZMZbSpZuVCUalQcDTJBjELgvx
490,638657425,Functional Error,rROppNmCauZHuJgpsmVIrVYvVpxslX
491,867777728,Functional Error,NeQpmEKmUVLslpfSTDePSpsBMoBJXF
492,319453513,Functional Error,SLgtfvwltoNKUozGRwBicWsCkCqIpz
493,823443105,General Error,rOgKWpRUkKCdBipFGZcVYohIWPstnJ
494,670437876,Functional Error,cDawOiiAFUxbtQuekZyJcGElmKQnpS
495,223237374,General Error,LIWidnNrLDpeRIMZFOesEtihVyiusq
496,100539063,Functional Error,MdiGkLnemIKPqqqtgJdyINcOsjudmF
497,781365798,General Error,RFMdZkUKSBXoAVchPMiGpDXhZkfANo
498,324848799,General Error,VHvNidjHCctrgqoYLlGKPrRKrLRyJS
499,633869248,Functional Error,PzoeTEIfHmjzZDVbLTPcsSDUnEGgLT
500,470180815,General Error,KtJnXkEHKlesITkHHwEIttxIHxBhPH
501,084315131,General Error,iACxNBhUyUTcRcTnhZTNEMEdpWSyev
502,709938091,Functional Error,PNSBOOLAxpthyptwsFwQxkJEiqMmvi
503,130366752,General Error,vQozpoXTPBDyHNcaANrzIEBiDJnIiB
504,462418333,General Error,FdhdIbadRemjHMStHcHswXmoTXwBBX
505,498382889,Functional Error,oytSsAsUOtjdrWHXzHSgzErbxMSrxZ
506,791624947,Functional Error,qfilwCpdcOMoIYIevTGPtJCCBnubct
507,920651567,General Error,IxZWDulJyBymNXPBlXfOSISDbcGtEg
508,772261703,General Error,rYNJdfnWiEWJZomnJjXWefVuuiBJDS
509,742944644,Functional Error,JtvyswXsIRGMRbTjeZGxPEITWWkSRJ
510,340671136,General Error,jSzVIeeNJgSibTzbPZWZhluuvOUoMG
511,439002315,General Error,hglWwzzVtSLwLfDdsYhsqKUcXbFnvM
512,096987993,Functional Error,gRdZXSDmHDqPCiHcnfLGCrmiVqZTur
513,470774504,General Error,EYOrpmFdEbvULztKXxHFrPezzyKYSm
514,311971320,Functional Error,VieaPOkjyyjlLFHvtjkbOTDhtrfTvo
515,630017327,Functional Error,AfTqrfOlpcGBAuEbcnCthCvGQTmumL
516,676983545,Functional Error,kYNoIPRrBcqUmdYgwjXfINmQPlnfnO
517,407266546,Functional Error,VKkxUzKnvIquUjsevXioabneguWQJU
518,567748289,Functional Error,HFlHKlZHvoCdsLwcegbtbccwoTUWZR
519,035588414,General Error,mPBQOafAOKbqDWhrpTpHlVXszSpwkX
520,375699692,General Error,eaaMBSVSkzPNWurRVCxMaZszlvlMLn
521,725625087,Functional Error,ImYGgrVZhbYvhfIKceunVieaUcmdMG
522,752041763,General Error,rVbjNbXMvwwMoSchESYmlaOZyxqrPn
523,874765205,General Error,XxIauObIcWkoslNBGjVYrDItXEfgHK
524,597670489,Functional Error,iYxkGJRBHxIOISgypnoZZGIGtlhLPt
525,614931106,General Error,txcUzksfOLhlZBcFTQqjfFryWDeFSt
526,523193468,General Error,uzdRJYDTYOchtjgRHlBuFKVeGowJma
527,547506770,General Error,zVMoCAYZyhGNWgqPEMklQWqEcrbRHd
528,685277862,General Error,gYPomLxHAvBjNYTGQBITSrvOZMmkFW
529,882491416,General Error,ktuVWUUwXPmjsQqYvtUUxETbOpvZZy
530,085378062,General Error,EMAGbQASjXinRGXnmCsjFAcBAalmww
531,718199637,Functional Error,VzeHAqlJdRcJGjjQxOqXNlbHQteQQa
532,788981774,General Error,srPukCUZxrrDFUBfswHuwFOiqmKfuy
533,857475267,General Error,cgwNBbFQJfDTbDcXxrJUHEGCzXimes
534,875220996,General Error,mwacuRHpPVmOymdLMKoWrqjxhbRJNw
535,672921077,Functional Error,hbSgJoyFXxatbSBagEVcrsptqORnQK
536,294935175,General Error,BrgIzMfHXBHqBQBpkGtEuNUyqfLSCI
537,259800740,General Error,aGUOdBAJbjfBkncjMscNtJnEoJuQAw
538,259899925,General Error,ysQImAsFBzqIIiUvzeEDhZvJSpURNB
539,488751864,Functional Error,XfADaotLenOygKAhYwnUNWoiRryZTV
540,307417291,General Error,RkNfMpLODJbrUxnVsFmApUIilGqOGk
541,761740677,General Error,LVhwOgPBHSBwLhQNDLTNxdtRLSEvpZ
542,607523780,General Error,zVLFPPNxnqnXfSCRYroafmYvXBzwIM
543,014385054,General Error,vTiVMdsBKsWfgOUkjzouUJXWIQiFue
544,621590309,General Error,XlcrEcwOnWLCLZOxiaJcWsxtPIGGKK
545,030395500,Functional Error,yeamCRpengbLzCnZMPttcTIKtGwtXy
546,966105791,Functional Error,ReIiFatPerFeAMTvtuZFCUiekPLuXN
547,422188702,Functional Error,xaBUnJAOOfQCzliFMjEahUXWttsKUn
548,105039235,Functional Error,tdWoAPfrPKWCUZggrLbmnzmVrDXEFY
549,702503320,Functional Error,TVWuHFFMIskOOhBvSALRbNjjKVEykT
550,094102772,Functional Error,saEmAOAYWcDWMoVDWggCdkxzMMNjPr
551,017105334,Functional Error,DWhnSccYJtYblvAHdcxGUlDLUvcIii
552,508037824,Functional Error,OYkLwVHgfOGgBFIuaDWGeMmTqFZzQP
553,509750248,General Error,VfmTRCMAqAMUdfxMtvOWsReABmiqaZ
554,273435467,General Error,MUsHTzlEwltRmEfCSkPqmfVcVhAarp
555,925520380,Functional Error,UzLscjVcujirrBWhskeyJpgQLHQBRR
556,887968995,General Error,PiMjYltKUXnGTXVmNuoipzWvTqbmik
557,180979197,Functional Error,QjZtvFyvTBNnHdKomOVVtgjCJjyFCB
558,990091220,Functional Error,UoXZXOBDvthEMPuqeXzjFtovzEvjKE
559,024995000,Functional Error,GkdXqNfdxKsfpvrTulipAhjcUqToFY
560,479882191,General Error,SMVYIZJWFHdSXxvCbtzQHBWsgkjthR
561,589897206,General Error,YTpjqfqAwXSThnWcSzONPHlmUCnTIr
562,910593334,Functional Error,tFDpFaTDgYIbQQBFsmvZVZyhEKZobW
563,514497734,General Error,gxfalXVHgYUzaAOAuLVCIvBVBYpoJR
564,455030965,General Error,pDEsaozwyLtXWNHYXBzjalVXGTLsCt
565,186085921,Functional Error,JbiCCnjAUFMrCqJOEemJjRjHSwPtvT
566,711240106,Functional Error,zgMwUvnATVALuivaqsgdJZLOuKzJQr
567,121129375,Functional Error,oFnmsRfkwMPdHrfkDdHvRJRwASjPBc
568,973416635,Functional Error,MwqJQAnyrnkpdWwJSZOOlmjMdXGtrB
569,658719832,General Error,OKKvdOCJsQqJzpZzDODOqKaykyrlUJ
570,430049542,Functional Error,bmpVLPUqhbLgtaiUeSvjBudcOtTmhV
571,835295747,Functional Error,KehCONZcAjzYpSrlInuObsOMLzujOy
572,068545386,General Error,spwyutyOSjTRrXRILlHluSzsqSBdNs
573,500254098,Functional Error,ytuscxwkyHcYWwZgIFzvlTLDJAkCCO
574,412741117,General Error,puNGXIMtEfMvzSyxXsgUhuGdsdBLLb
575,390790106,Functional Error,aDZRDCJujNdwCJTWtNrStUgidxuGoq
576,074813655,General Error,ocLUbnMLlTdCDRdgQLAwDJJRdEdXAY
577,853731935,General Error,lTpOBQSfUcqxzIKEiDxSYvecYfECfP
578,740830544,General Error,KTsvJujldddkvaRoBCUymkDDHENCpp
579,064136419,Functional Error,KyDwGDMgoxXFPrTFKdvsSpaJoKtlGk
580,923657695,General Error,gAyxdNroQDuoSpSzWNZyXJGhqinmRG
581,944493338,General Error,jWQSySYKYKfZUOMfjYYVlOAYrqqZXi
582,746679280,Functional Error,RXHtfDvaJxquzYhkAmaZkPqUKTZNqT
583,104369655,Functional Error,niuYlgVtHVStaJbKCuEbPUhUooKvzZ
584,350779037,Functional Error,DcpMfoFSrURsGeJNswCuslLIZGZypa
585,388564809,General Error,pBQFBFPWDcrdwuDpPkyHWnxqXtXGVz
586,967255932,Functional Error,zuLEfOFTeVcaIlfbrGLbgnPnZrcaoF
587,464227632,General Error,JTpCOSWjpYRLWjCFCXOsFKPzYyDcGi
588,794120781,Functional Error,HPWJDdjoNhKZhNGWnTGkqzDdJgYngT
589,728237220,Functional Error,fZzujfhvSDSbVOwlZzHJfAGxnTWaMA
590,088555647,General Error,tVUxquylhvuSkdkRAKWASLazkyTVZa
591,278439136,Functional Error,FfbTdQjfAmFiChLVTMSqhKdtSSJvdC
592,371559743,Functional Error,luRirmnxZUjimunspejTsQXCBzjITp
593,225462499,Functional Error,ImsfYxquOYixNUqSMdNZLbvybOfhIq
594,834607173,Functional Error,uYoQlrcGGpRnbPtYBcSCATOFEJlVWY
595,329922857,Functional Error,LuImiKzfspUgnLHbdzFsCUVUAZTfbu
596,512983330,General Error,PetyoZKuQoNWYJsJfVYFbbxrOZukeb
597,227257582,Functional Error,HdKUFtRvCHzdDmiXOLptPFBridLCnc
598,660580511,Functional Error,gbtQKoGNwpSmLDBNKJQMMDeqhbdlPM
599,020168036,General Error,PtpApafJVDqiFvUwUyOPUMduLxcuAz
600,652474765,Functional Error,uFIvZJXcyiQvYderkufuYwxNCBSccC
601,474636296,Functional Error,aenPpNRNOQmOAQNApIFUlbTRUahFBO
602,629884792,Functional Error,xrKVmNvFuoIBKHbIaLZznynOvcbeAH
603,413556035,Functional Error,nXiBrouSTlFAoFIadHOJgmvnvQYNSv
604,134349763,General Error,GUoOnNvzeJHFjbODXZbWCWRCpXzpsw
605,241957993,Functional Error,giaqAtlnhPXOoqXCKdRcfJzeaasWZc
606,567167086,Functional Error,mMHjzbmubSMilXCnzJgLhzjEFmDZNy
607,076070577,Functional Error,jWfggRyJLKkLOtYpqBvVhanXsxGmUh
608,494862847,Functional Error,DPwDRrrRbMkrQAkiYHFHgXNOgoyBNI
609,593488384,Functional Error,cNSlxtrfMOZMSEXWUEjPXUzGbTPFWG
610,733036004,General Error,nOjMfiJNhuQxgytWdEeAvxrmjuMEfe
611,500010079,General Error,OFfinELOcrTlulsbVvCtQIOpqBdBnc
612,540382985,General Error,fcZRZlqeLJdpUkERIzYLCxrBsDUYjd
613,212775912,Functional Error,aXyUzClbDuZrDHRldyXrULruNaZfVp
614,182894046,General Error,gxLHKqfKOBDLwzVGCyyzjBBYyKijuF
615,550806138,General Error,mnHaTQayCdKuloQAcwCoUUeesgCAli
616,581450463,General Error,GfQNyNHdmyXJsEJbWtDVdAAhLtrTqF
617,453527521,Functional Error,JtIkwZvivQTZxCPxiQBMTyDUXdyKca
618,849790513,General Error,qgQrjZAKfokXVLlaLOuglqiwpCtCCj
619,024375547,General Error,rPWVuVOSkNvCvvQQSLsejIkLKrWTJs
620,226866259,General Error,ZbDuTHAeAHMXtxEOZpjixjNzmGeQOk
621,238418664,Functional Error,rkdPEFjpTopDxQyOPsnXWgaOCYPCFv
622,018590930,General Error,IMvbwNMEJlVunefXRAoVMmTsRVaPgR
623,854455715,General Error,VwZyJmNlaiwAtCnrIiKYqRSyVtYJia
624,076461325,General Error,aTqfympLUxWBQwkxPcRNfHpHNwnXyA
625,959162810,General Error,rwOqfOmKoUFWOnFqhDgtycPvayduUH
626,387631020,Functional Error,GadxEXyTgZehRvqyGPuNwEBrdVBIjd
627,415983754,General Error,wMGiUYTAKPQDYWhFPGAOrOMWnOhvgE
628,594424221,Functional Error,QsLBRWuncYagtSVSmLYbSvaFASyjag
629,972007739,Functional Error,uudrDdvVrpvwwbZHbFvkmNygFMneXI
630,172427479,Functional Error,XEwBohniJPbLsdjPmMdybXvrOmxPoz
631,728996090,General Error,sQikvOUsLUQWmjzhliGIbTqvnFNTDm
632,639461836,General Error,VqRXyAeHsRlxjqKesbdUgOmATYySmD
633,155971291,Functional Error,GoKNGFMhNbFLgUKZfdwPPKbYjaaCzo
634,668309698,Functional Error,POIRmXbsQPcSeyjrUJvFWObMJYWFQR
635,741234801,General Error,usLROqLbvFVPgoXHPkvhkWWlagwfBM
636,444927752,Functional Error,AcAcGoscxtIUinVMYXTWtWTSESeBMo
637,666084982,General Error,PCtMlsJkpZYosdjfailGauwVYSEQjo
638,262812052,General Error,lmhjdnudlNuOAtTgnIKFdJRDLpIqyj
639,635901526,General Error,tztDfeUReCZCQbXKqXGrrBlknoNcmI
640,758795453,General Error,kTGiLXstSavafvYDwXPjjGBIIRTJeY
641,967151837,Functional Error,deAQWPvnQiRwjTrMyGowUMecoBnUCt
642,999881455,General Error,BuhpbPTefzjOWzWFeiIEmzvKIKLCQD
643,914565734,General Error,YIvnoDooeCoBylBFEkcFRmVaXaCENC
644,817106314,General Error,CEEVGOwhxTOIcScvYQvzkjJGMaHXfC
645,972919930,Functional Error,cWNHdKJrEFLzYYLGweCoQJjbPUUsMe
646,665235136,Functional Error,YfhEKIEoOuhDUoUSAfntkTXCJBtBeC
647,782091482,Functional Error,yEEWMjdADOMJtbUwXcfocRypVcothN
648,551088266,General Error,GecxnnrhsXZUmMKPOpFGRdFMWqALcb
649,432955538,Functional Error,LhKFUicsJarlkxhMHXwzmzuXkoUySG
650,030429307,General Error,ggPGvPolhblIRWyHWkmzgvJjhjRLdk
651,137154694,General Error,TGmHpQbeIUEqFyZWMfRjlkyogRMDke
652,437406661,General Error,EiPtwobUdopQybMoKyvUuryaPBkLuK
653,098487073,Functional Error,WtbknEpIqqFncFwSqaFWXrhLUXLIaz
654,283382818,Functional Error,JpAYsQcrNICQglbYJEUKfPBFcvnyxB
655,703809005,General Error,erNiVAwxrpjMeaakifsEdSPfcKytEd
656,589506962,Functional Error,NdxKiWNTbbmJpkNJpSCIuPgcsbYuTm
657,556155976,Functional Error,zHAmGfyoCBDyyHhFlSvTxUkTLGAALi
658,837677153,Functional Error,sPOquofySegEQZFNpkfXAHDFILpyyO
659,259868943,General Error,woqaNyhoxIeQiebaMCrNUItBEHvdQL
660,621129533,Functional Error,zwhtbcekBSkESJfZjpdMzpanxBiJvd
661,877285275,General Error,euycVTRFUJzpLPiqYBVkEgyWVvNIrl
662,287465406,General Error,TjjLDzpjiiHFCIvMNoIHwETmpESaMf
663,059298408,Functional Error,LOIxBGmAzCQCNWXXlzxkOFBIknhQtR
664,391772293,General Error,ynVnMiqKIDaDmBKXNgdahbflYDPZeo
665,883286444,Functional Error,HSDCJOgBYHPIuuHmXUBAupOzhbGosz
666,948055606,General Error,XvfseLaEzlDlfCmZtQFCBNAJQPRUjr
667,699142079,General Error,nYOzZIOIaWXYGbhZkHnemqgmdxbqau
668,340742229,General Error,QtnRALskNCKSoyPMbdpmFdyhOAVSkK
669,778771025,General Error,GQFCftGrPqhaJhSTrsoAVcKusCknmZ
670,842760920,General Error,upzFTcUghxtjnPTtnfxiONkgFpVqft
671,299465237,General Error,qNrlEdivrUKXMvReBMkBZflmWRAGmu
672,195508080,Functional Error,TSCtoSYNDjmTdJnwvQQneitgLlRMPW
673,079958062,General Error,XvgrvqRkEvOovBtAZCVHzCuqmexEaL
674,516938249,General Error,DiiXToEHojIqooLUhOMWNlhtbJuLZD
675,479601376,General Error,nDRthmdQmgZZWpkJKwedazepPBqgYu
676,701958174,Functional Error,wgfUCubknwCJDYuXKsWVTJEQeazXDB
677,222366616,Functional Error,gXdUiybrkVlTnnKELSpknejlMDyMiT
678,723526343,Functional Error,nKuEndaHpDKOpudSNeJOBEyUCyPTUv
679,775877438,Functional Error,PWhzuHIgdywHZSDCfsKNCvbFaSczRJ
680,824351927,General Error,uHaJYzlnapGUfKrKUGAqPpgfTZAkcq
681,179878875,Functional Error,VBrgQHumqGpZEjDsdRtCCsYfirtDzQ
682,505716567,General Error,KYkPzRrSMXPHenzNMYFGbomWYaqBrE
683,327225181,General Error,HAKnbiFDEysEchpRaMJfKUVnPnmkTI
684,983682368,General Error,vwHvXSEfUThKbphzBTmtvPXiVqJcwc
685,323772363,General Error,VRiyWKYtguQeTffConKCulxVqsUMuf
686,310784712,General Error,BJXeaviPcfgvLLOfgefrAUadyoUlDR
687,738500913,General Error,UBJSrDAAKSCXlDjOaumBiLWfUkemAQ
688,058355634,General Error,hNDHMqZPiCSoeLArlSEZtJHbYioPcY
689,948934739,General Error,aqCzWDFSRIKDcOpTDZvTzHkHTmptLX
690,439394588,Functional Error,NEtNKOqMjLAZZWBqqQEOPhInCRQZYC
691,444898230,General Error,dBFyBTWWpuZRQuUAWMidzXmqgvGsIR
692,732338491,General Error,AhgzVbXlcKQdqIFcKyttPetBnyItCy
693,130995346,General Error,RQgcCEonnIjMqhieTGDDPsWvisaYPR
694,954138918,Functional Error,akbfHwibFCOyouuwbOOIzRficBfjDH
695,023545744,Functional Error,egsURrrASYCqpUNeRFDMzKGQQbkpBp
696,447324597,Functional Error,YlMkJCxRLOyDtryXrHDNWvKBbWFdvW
697,727016155,General Error,aqSPpkDbZSEmawiQYIcEumzmUpIgYf
698,040452612,General Error,uGSASEwVGrppDtbrQwdaoHUHfNwugV
699,835453488,General Error,cIXvAUnsvewMTjiyLwjLaTsfoongkQ
700,208380074,Functional Error,UFYQDVgDRMwljmkipVcXXbZoyJwjbM
701,718708681,General Error,EUWkJqHvsLLotNEvFvQxPSpqmIjbev
702,588626871,Functional Error,ayRXBJISsqzeRMeMcLFQosISmaJnPA
703,210836324,General Error,epJeirPAoHWUsBwmXvPXDJCgiWzzWQ
704,777759101,General Error,domQtPOFBcJUBtvAnoEhBbcoAsdIOI
705,545611829,General Error,SiWigdWFJSWRjxaqvmXZvciqOrKljG
706,956385813,General Error,XxfRuwuNqfnGZFtrWOFLyUIosOshCE
707,119534288,General Error,UeaymEBsbLqTlsIaMRYlntTfrNGKGr
708,305261716,General Error,sPcjCWnbBdwMrJaZacRAPCWTEwQjZS
709,858923767,Functional Error,ydQHIeOqkyylsoUzTBrzbhurzOMnoq
710,467180483,Functional Error,sietpArAqOAjRahcEUnXyjVncYyIYM
711,152920649,Functional Error,kxZwkNwLspPvtwvqfkWWhPDQhuLoTc
712,271134543,Functional Error,wbmhTJvPOuHKFJiiUCrXpDkPUyxoLq
713,476153948,General Error,IxBXVdFhkViRWipELTMuQoGgCNVAFL
714,003226018,General Error,pODwegmyUCfmyfVZBRmurIUFrQcMDs
715,659169070,General Error,ETcaWBAnlcljtobGIlZUdGoDgGAysk
716,311658566,General Error,CWOikeHhLazpzsAnqQcLakTMfKFjlw
717,965611587,Functional Error,hnZGJPxENypsRjQRRgemafgvCfmgdm
718,068931432,General Error,FwUKjsgUZUwoDuLXHPJOGCNCJJxFXx
719,596956792,Functional Error,sawalmfKdatJbqdLlxyGwwnaFDxuaT
720,992049659,General Error,ANcFKVgeWNPPGoeiWKCFurdCHbpWhK
721,768836724,General Error,bSedNUlvsxvPIFJoyHhkABwwdlYGCi
722,730699824,Functional Error,ZuabhPRJwxTGhKyiVmHWubCDMwCWtG
723,118090614,Functional Error,FiiQDETLSSMyegVtAvuuEidIwxPbDb
724,460112192,General Error,ODqMTrSniyOuTnhjvuPjuAJFjEvzTm
725,053922623,Functional Error,xezBJoTqmGHlrIWuSUhbKNgTHVByen
726,064337347,Functional Error,oxSXJTIKHxBlYASHbvPBolfjLZzzMq
727,083029050,Functional Error,FJkfuDVQlEUtmxkdfePQJdESvQClJR
728,660902588,General Error,HokWAcJosRqYOxOnnymsVPnBwlsliY
729,258962582,Functional Error,kPstWFbhLeVuiIJnOSItqakooVJApC
730,944781407,Functional Error,dJamFMoYIeGTFenqkFjWMqPnJymkPA
731,157442953,General Error,YcpodjdhQbqJIZWuBzShfeNXbCsicW
732,153112174,Functional Error,GNSXoLnrPsdtJzNtpJJxmUBCMLTPlA
733,085772310,Functional Error,VfODFZPcLUxUByhboUFPGsWXHrxTxn
734,332787737,Functional Error,jyekQIImsFKUbCufKGfrvinOsbTHqj
735,373431766,Functional Error,OOQsQxLwzTNVCkqgZkLYyAHgNeTmit
736,169971732,General Error,tIAtuDAqaJgmbzhnacEILptBRlILqD
737,386741482,Functional Error,wSOOrSrgnEhpGtaEWtanYhwHsEjlJj
738,388181619,General Error,VdbtdohbhSoiAxPpNgXRWCexoHFRCn
739,726425079,General Error,KooUbSbUobyZfStwfRxDIYTjyBawqI
740,699933125,Functional Error,ZlcnQMnAHGdZouFDdfmbjEktQaVjvt
741,627729675,General Error,rRcSvcDxnsvtIzVDKExbjcyRiHsgyK
742,190753844,Functional Error,syWLJmcTRXVqgdihzTKePxRyHeIIYy
743,804988387,Functional Error,yITybWQLfHQfkDEqJbCIWlZlMEzvFV
744,435442403,Functional Error,XoSXEmfnOvMJebSwBIzHNnFlMXASDS
745,861813157,Functional Error,YazdyLyAPZFTnoZNLQGQxdrRjciOyN
746,088158675,Functional Error,wJaZKrQUGCArOGWmuBrUNENsoGdgGs
747,833572978,General Error,PKCpqysApRTeEnzpKJjoLiObFuFEDj
748,941880574,General Error,hMGbGvdkmzrkvURureCGZbpFWtdGRV
749,483516495,General Error,FjsVujYejtpntfwCBRNzakkClcnBDx
750,459379493,Functional Error,LDrHBEpKPcateLzrzTgNbAovhZdjhq
751,934652509,General Error,jQIhkQqwJJNGwtsMEzsijHqAusauvD
752,471559395,General Error,EOCSbLlIEsybRmHgghREGHYhCPejdb
753,513878176,Functional Error,ncRgCXOZhuiktpLRmMFMDGMTqsLvvG
754,735020369,General Error,IycglMXCNJWchmjqQImBsAuiNryFpq
755,516140826,General Error,nGQiKRsWcOimIWlIGoPDiIKaGLuvuD
756,027683835,Functional Error,xHbBBqUPrIYwqLZPcqofsNQMgAuYOA
757,353755603,General Error,LLycaioEOzabmySYOUijltbVUigKzj
758,832552131,Functional Error,gckbhlRHYKHzvBZKdPthGFgdZWZfJQ
759,460634033,Functional Error,nfnDQseTAixMSTSDMmCpfjZhzknxtI
760,060757922,General Error,VxGODUxXBfRJBUndqyRLtIwSkQtySI
761,428797722,General Error,aUlDMjRHZLHfJcLbHeTGJTAmLZtZGw
762,355663420,General Error,yjosEDaUyOsTFzSeYMvTpInNaGgtip
763,240504135,Functional Error,LkDUsaWiKyOFzGjJVNDAgZrcagcTUF
764,513335834,General Error,BJlhlkkBEfGLiXvYtoLsxbHUxwIESR
765,114240265,Functional Error,lZQThQRVCdoUTJJdFDVWJOgqmdCiHV
766,786538857,Functional Error,TrqtYKzUfaYxBzBorRBoRIPkGRiZbi
767,835857246,Functional Error,iAweCHBVLjxbRXWgCXWeBxusjmflkV
768,192402972,General Error,jZPcBXbVgOzTcOejvWMoIQipdFRgbN
769,445326719,General Error,aKAvoKIlJkNWLNsNIDFYyiCZovQReH
770,256062801,General Error,EdRtEZsPULExvkEEODvuFsLpIoFRFK
771,220157113,General Error,WqsXoHoWRMZkgpTkevRLamfNilAfTo
772,088214558,General Error,cUsmyVxaZNSTIHOWwvwDHCpNNpZUnR
773,280433345,General Error,GaplUvkdJFHaZBOXvSqpLpOiWGakqV
774,214959978,General Error,waZTEoXGQXCmJRxwGmAsocqXCQLIOk
775,395964937,Functional Error,mYLoswXmxGVVCIUzQuSQCAClfbpJFa
776,557728462,Functional Error,hzvafGMYJDivgQGKsfAHSPzLuvROVz
777,315131045,General Error,scivADCllHZQWEUCbcGMEwkCljEQjc
778,137786700,Functional Error,CxEWgUiGcmyYWRYRbtvouEJFibnmRV
779,036105018,Functional Error,QNpgMOBwtgKbSOEqwJkBKvVziPzeWA
780,897333671,Functional Error,oJAvELaEBUAVMZIDcLlLdXYOCRyCfO
781,939333386,Functional Error,YFSYMfwQacMeohgBhsJnTSBWBczEsg
782,037833685,Functional Error,RsqitDbOXpYTCcPCSkeBtdHGWJKBsO
783,434870911,General Error,eYdIhlEwxWmVZLTFrZiwRxficEbNCW
784,497453560,Functional Error,WYxXXCRGIlsMyGZfHMDQpaMeeQUqVu
785,963415903,Functional Error,eKPWApnvIfwtImeBUqmsxxfKRfHUpA
786,679378465,General Error,GzhehWNALNgyhyeQBckzgfKOVDZpqY
787,542332294,Functional Error,bVNeNHGUDmanIEUKHvxHqYsHeWaicc
788,871447448,Functional Error,XtwKPQPItyBRzMCavjrptTGJwHPpgJ
789,432355741,Functional Error,SnlPdaZszBDMJEUZQBSVaKtwQgXpuC
790,701018905,General Error,UfcnHuBtCfzRTaacyaQuTlEfmhBVHL
791,851058145,General Error,ruknVJHBZhCaUvBhweEWsKQtmQqnlZ
792,381118878,Functional Error,ssOzGuMIicoqriAQIOQucCKZGcNVBR
793,504764607,General Error,eONterjaqlJsBDTAIGXMbZKzmKLyhv
794,870943556,General Error,nwOMuTiVoiDFhExAQZHoccBoCKuVet
795,146691868,General Error,mUHCuMQdiAkmfMjskbcGgTADSCGYpH
796,900419678,General Error,UjTrODCqNNDUHbHvvulDdlTmgnxAmo
797,693546085,Functional Error,mjZOdrFAkeVxAOAjUEPeAGEipkctBk
798,724498454,Functional Error,XmgkfBBXnvzkpPdVHwbNEQALKLFoOB
799,866701243,General Error,FQkPoNhlysyNNLhNfhsfMgbejSyDZK
800,117870402,General Error,QpdFQdIVEUOPJlBsRxEdshQLsOFvgH
801,839238446,General Error,FVJGhoyLSbRJsYIWzmvGQShQEFyjUZ
802,873248686,Functional Error,tqSIUWrEKmWLCymiXvfZWsVLYQFieg
803,862847492,Functional Error,bNJmwSlAnEOUIpNPHWSLZSXaiwlaHo
804,167418425,General Error,TAbCPqXdglSrtMpLaarUKFXUxClKoT
805,940825426,Functional Error,PAXdGATiZrnIiKdLakOivliICtzKFg
806,587542481,General Error,GfnMPygPiRgMVMOPHOdlPSDEcwQEuC
807,516666939,Functional Error,hiFWFilSqPBQbFIZxHefJnfwwFQRmn
808,027192727,Functional Error,fjuydXxckxOlVwRFQKmDYzkbBnOrsf
809,085457483,General Error,agPIaQfrSjgBrKlPBRxidzVTuZrLWW
810,469073588,Functional Error,VEleiecZXArSnqVrIWGDadJweeBHVF
811,718302460,General Error,LgClcwADmnPfkzKlOTdylTVcbDAdUT
812,519806977,Functional Error,fPLtbfRlAThsSFOzJuuedZLfdXRVDc
813,699525039,General Error,OVbhpORuezlVqGYBudWSOtSFlconVm
814,750858885,General Error,lPXtDhMRODrQTkQFBmggBjnFtuqgUl
815,797529266,General Error,WwZACokqCbflsKFxzpolIrTJKhmdDt
816,567451141,Functional Error,VzjnlAJZvngLfGTdBmOTtGelmpteyt
817,948064841,Functional Error,zMpSUjQeSGqARqaaYvAfWDlMTHfjDU
818,550284176,Functional Error,uyMjzZCtzCwdqGSWEekDalVJfHASgr
819,989304043,General Error,ZgSgCWkXdEjzZLLFEuvhjMjlchVsCw
820,925829456,Functional Error,facttZEEcWpmKlblPyICLialpmNqez
821,665360358,General Error,iZEqxmHvuCabIdhawQQHvCPvTfpkJT
822,920621493,General Error,UziFlQXhHdZLnBFreSniSTyyxMNGaj
823,307917112,Functional Error,IAnjsHSEKQXGGElyprassVvoIVjMsw
824,568968522,General Error,YOuStjnNkeSSDMBsSFkBubgzmShwpj
825,809873980,General Error,lVwnoefnbZVniuHaiekkPzQTSOjiOP
826,948402370,Functional Error,XCrhYXUWchkazGZtpYnXjfolhgkIPN
827,854219519,General Error,hxbNPippxGZClvDRTdCkqIGdJiWpVc
828,524592500,General Error,QDwhlXqkHqYptAzRAihYAZLtQWAVfB
829,656339155,Functional Error,cYFcBGwLYpAoUboapBmZMshsLIJVCi
830,490598641,General Error,cPOPCosYLAjEiHfoNsqsWYKjZPmGBd
831,392421564,General Error,uBFbhZBExhZTtIQBQvucBvPZbKhVYX
832,703892264,General Error,sTqEyABZgGWSmzKvDWicRigFrHwqdQ
833,288985456,General Error,ancBrzOGTtWChfEHoFQzlPUWcNxAjx
834,441523833,General Error,AKgRfxVNVlPvQWqaisBmYkItrsreQF
835,483273284,Functional Error,lFrBolXxlXEPwvEaGiiKUSnYTWjLUc
836,003775409,Functional Error,lpbLxBqMalslSFufxWGwSXsYMpybZg
837,874911680,Functional Error,mfukcTecJORTUgaZXhsXSFRGfbHiNR
838,589345938,General Error,ccRigxXMuBOGqXghZklxERULMBulsy
839,675244194,Functional Error,PxSJSZGiMkZAEHAOtmymEnlgeBhKYg
840,602226669,General Error,aTWnWAZsiRGpDsnfRPQedktdUPRwsh
841,610518312,General Error,yZQvstiirMpqKyVCULDgqYYPkdDMaj
842,945367865,Functional Error,HISTijfbWjhbZWFEoxUTYkTDSRqJME
843,723597662,Functional Error,EXqOcFzHwomjtDFWoIAiyBVkoFkSct
844,739714712,Functional Error,aOWpRYSeGBzbetKHcPjbWDViHBGbCG
845,320681182,Functional Error,BlSGQfLPOqZHZRFFhNrDWAJWkKSQZV
846,117855277,Functional Error,XNOlOZUIMKpWAybmdIufmenypmrdzZ
847,523612629,Functional Error,ACwqpiKdALoRqXVbVoEkIzbJiNbRdv
848,614669390,General Error,QNsjYAWzDEsrQPfIawMBZkCwOYEsvA
849,672417280,General Error,yFlMWmFvXHHzBDymnCCDKTrVuAOkBx
850,517383088,General Error,MZMxhZrspMmNETwvQCOVKJCRJChXGx
851,175838209,Functional Error,VsmumnwvuzDoYNkMbhHHZgyQWdrYwJ
852,019837888,General Error,JtBKCrTaisPbmSPMWcAsikEEaEebLN
853,094416906,General Error,xfYotgisYhlOiIuJWqmMPHSPliruRf
854,061933581,General Error,DGANjcLCIUdbdNljWNwOGBVKWDmZKd
855,999973711,Functional Error,IoyHEXEYLReUMecrELAXQLIGkJDcbl
856,186825483,General Error,gJEVqDzBasaXVbTHJBlxxumaggxqGx
857,964364165,Functional Error,aERlRnpUnsuWKgifBLGZipuLqEOWRa
858,956982632,General Error,QJxyXYTHfIWJkzGodHUCEAedRrjagf
859,350024705,General Error,hAayQwaQYACWhSXKsSJDNWSKuYLHnv
860,682298182,General Error,UJbBqpKNNuMXiZGgUKPgxoXfukUCMd
861,905817104,Functional Error,mqVVuvYHxyPYunYRAPDJwQVKlfPtoh
862,390323069,General Error,DLDWxbpPurnPHXZDXEnchuqoOBTPBn
863,149581312,Functional Error,FczcQMAEqCZnFTBPUPVtEWBjQmEPjp
864,059855793,General Error,PEqxrUFWDwuAROKaLAmVhpXmyvYQVA
865,857812939,Functional Error,cCCMYeeDaSUdpFixcHtpuabjcuhdTt
866,167237886,General Error,ZWoqEfPcLjPFnEDYlefLsUPHKYZYFb
867,622616321,Functional Error,DsOcjTdjihivTEwgfaXZYecIjbVbuR
868,435304060,General Error,HpzuECvZOWHmcJbulDAlYarkhCZNbj
869,162701797,Functional Error,WtEJolDSoAmuJEWKmxmRUAMHKnokUK
870,347246014,General Error,XoeeGPIqZxQniBEvLNAyjSkTXZOKvz
871,739147007,General Error,fqYdDgBKeDBxEyBwUGWybMezJtujMI
872,951219868,Functional Error,kTPaHhEbEbWQbxmlxoQAccfsrRArzf
873,675909625,Functional Error,WhvEFSWuVMrEGNuJkCerlFowJjzGlg
874,753554223,General Error,PoQWFoUTNatIGZHKyhkxaxBZjtZyim
875,649578544,Functional Error,efpCJDAcSPxvLOPPRYutvbZvoRZZyJ
876,725906451,Functional Error,suqyZYTmKDbfvUylSFSNcuzVyxahZU
877,904120501,General Error,EJdANKPudVtrMgavmsvzKlYAOymLxt
878,882920919,General Error,ZqooWwUOBNeByKNFGbaNopELwDbYwc
879,050211604,Functional Error,dhHfPEDJrCzkfyrHzNRXtSmqpDOZpb
880,950636780,General Error,tOkkHivspVnLcaaqdJYmblnfXvvJlv
881,193313478,Functional Error,TLzsTFqchgGplAketsOUWqAlmBVdIW
882,888076199,General Error,mnQPUtARumZaTFGkpLonziQFdJQuoL
883,851021222,Functional Error,oHSLyQrcAZUMiLlSNoKnUSgAeoSRkJ
884,411279875,General Error,rjIkNHlgtcNBrTcoYatzZHlhjyvtzs
885,487872281,General Error,mRemetfogxAUBgeFIIHWEVMwXqvdFZ
886,931429910,General Error,WATzrGdmDZTacpdrlCfuirkGsWPyGG
887,457701526,General Error,CnOnmKXEUDZrqFKHIJMDGcOYjEKwCY
888,735491545,General Error,XjxTCVzCZHIieyeZumDSzvejMRPlCY
889,717648152,General Error,XptyCjvehLTfiNQcVrqkxpZVyckvQG
890,722589293,Functional Error,QtbSgAMZhYoeDQeKvfqLqQrcdHiAne
891,192714023,General Error,ALGohaWJtyEAclEOpLHMYHcKHaWBHm
892,426036579,Functional Error,ofItFaRvcMeFVRLRBbZOJsGpuBSteg
893,019506092,Functional Error,HuWlnDwUSlVApepSJpCljKPRyxGLVj
894,863617314,Functional Error,AvzwcweADQaOKhBCDCYYhXUyFBCWgm
895,439431023,General Error,LUwCXoFgHmlAbkDGKPbpmRekDemSEu
896,941155294,Functional Error,ZpfnsYLopnQCUxWMXtPKJlcMrBSkuz
897,803899808,General Error,WmeqLsSBYAVikOCvwvfkuqgWrfCsoy
898,407580233,Functional Error,UPgJfGVlbjhszvhCMyNckhvxEWYjlj
899,477939112,Functional Error,fjNkKMMPRdBezmJFMlbruMhCklBNjL
900,446603451,Functional Error,cDARXYGxiNXrrFKVBdWwnELIYquAKX
901,153440071,Functional Error,FjYgitglHIqlQPiIWlwacmcUgdfXzF
902,939582792,Functional Error,triRCRyjbJxrGbKLhCUgqCGTOiefaR
903,240118461,General Error,EtIvhVttLZSOAVpWpTgfzFKmGxhUWJ
904,127818472,Functional Error,FdJmlPReOHXljGyLBWYLJyYmvoQDFY
905,622854895,General Error,qKafvXlZkmiQCKpcPKGpDWVZrKCFcK
906,275250965,General Error,aIBkdwptuGoTBnzmBkGnIGdzNYDiKL
907,824635888,Functional Error,MntjUeESVoGLTPjIkfGqziiqsXcmki
908,014417407,Functional Error,ZQEdjISfApNRdllQvBISHJliSPmTKo
909,188197312,Functional Error,VgxfvRVQWAcWplkKSSomzeJMzwrwFq
910,622621198,Functional Error,FtatbzgCFOgoALNzufCWIEOOhJwGZI
911,126422705,General Error,hakAoznzlwfMQWdFkZMSCGzZrUlXec
912,402383907,General Error,NsIOAAtmuJEwpuppQMXCKQjvZgdtYt
913,190650797,General Error,ZtSQUuIcNnvqlJQSSFiUVMSPysmOUM
914,199189348,General Error,hZoWfQyySwwPgcGZaRjgdSQZPnuBQJ
915,018241675,Functional Error,klPdONbFHElzMmXzuKaVisHAadGalF
916,038974662,Functional Error,dQqbVnlVXDpIcLLDnjlTYTjfDMbmnq
917,642118876,General Error,EEQrXHKHznfIXMIAyehUqswwmiEgnh
918,080707453,General Error,AzWHjAFkXGeNwluoWlpevstVAlyuuo
919,760424884,Functional Error,LFpExtMLvfQLQRxBIYpQicAvEkqvlt
920,866072186,General Error,dfruthFOHMCDBFlXUXjSYEOkzpyTfG
921,951308174,Functional Error,tdEIBUHAIUJgkCuXTWhjqoCuMTliVT
922,830908089,Functional Error,JMVuPbsbVGldhIviLGtnVzpQWRPriU
923,931891297,Functional Error,xIdenqkIVFYhYFQhbvCUHMVqTyFgqe
924,809811023,General Error,uZWlCvAfTYoasJXjWvAnveiLtfbNqe
925,453145784,Functional Error,uiJOqphubdnRpitGdNFPjslzgfiIhy
926,013834383,Functional Error,vRbdxSkYRdsVtcdVyZSjanZDxAGFaZ
927,906674779,Functional Error,iFIRJnTEGAKOUUywFCilmnjTQwwmBN
928,374785894,General Error,nUNbWZMJbbYPOwSRIaEAtZhQdtyxnT
929,106882840,General Error,RHRtrezOwOZiMiaNpErmaMlhDbNcMm
930,654183495,General Error,kMvihJBZSEJtcejlznKizsPFLCMsFW
931,258499085,General Error,sdGlJEbvRTfmRdHoJctwResLsYfSQQ
932,453440582,General Error,MpWxohZjbuIJdlkBQplSLcvlggOVHj
933,374298952,General Error,gLejRAlYxxleiQlqjwAKYgQpqMdNmX
934,446193168,General Error,kjXHkXJYkXidygOrvOauKUEtpAjjTV
935,709419451,General Error,uIZhBdOAzzdZDKIzgDxoRGQxNxtSQt
936,028857307,Functional Error,HFmsFGSQVUiJNHoRZBrsmgfFKKJahW
937,047865004,Functional Error,XiHjQnBaQPPExmylkEGBJQZsigEmtP
938,302564675,Functional Error,kWcPcdWLrZQDCcOQzWszjmidnblTzi
939,542138479,General Error,ZDBMnruvTpHBshJMLISHKtZESUUqPc
940,758226361,General Error,AjGlGQRHwUAAFbpPBImrQgsBGyMVXr
941,729267010,General Error,qJvFTAgXkrOBBvugSkkPyBLovTJjjU
942,605470400,Functional Error,CLHbslxhUVfGWKYVExnNHDdqAuizGL
943,250809904,Functional Error,hLlxOoHhWDKCtxQOMmMrGrFWsTnQjl
944,742299178,General Error,XLkAagPnlEadEojEsMprexbsFHXuoA
945,725915256,General Error,mafiYhXStLaqlioiPlPrPgctQBUFES
946,256089519,Functional Error,cvwRHiBvkcFoLrfISjgqKnzhANufME
947,633103113,Functional Error,VXsbNieyrZwLsEZlYjIwQtuTMzjaxK
948,425779771,Functional Error,YhlCeFYEtsRBDyHBgbCxibuutCwMOY
949,688747176,Functional Error,mmGvpUVyRVRLUUMjJHElGvEOeMvtPE
950,891259198,General Error,gXgoVKefIptFRnaQrZNBlekJwukGQw
951,304277053,General Error,oyPWLoVFPthtStehwyOSdDyITGWEEx
952,841824785,Functional Error,ZIOyTqZgphTMMqbwhfwxDyWYTxQUXK
953,513730326,General Error,qbiyzqSFRjcqiLsdgnrXufIPAmkimu
954,568224293,General Error,isZnSaPwSZWmvdbOrSgilAAPAeThov
955,418047580,General Error,kQrJAECYNJMBXkFesjEGRhbGGKvnnq
956,301315521,Functional Error,uyWLQuTbsOFsVymcVNQqPTuBEOHQLN
957,527321083,Functional Error,AbyXJmhsmHRQZXnBtHaLllUVuZHlcm
958,284248790,General Error,hjSYcrYxRkPEknDaVXETKCyulbJAcO
959,088510655,Functional Error,oqynmMaGctaBTArncbrRwcsKGnguFx
960,862163575,Functional Error,bRvrdukeRRzVUPrywoTeBHRGbIXypm
961,408245834,Functional Error,IEbfdOsvdkFYQuhzSBjGFEPiaVeNrY
962,779480675,Functional Error,MrnMSancnbFXAJMyTQToSBstrclyLv
963,097220788,Functional Error,XgbHWLpyammJHBJlhfgGVkWdXbGcff
964,997708764,Functional Error,XrzLROFfaPZFETvFrCxnhZYSWFRgVk
965,025146961,General Error,RPgdwuFtIYOCVvspdArYsGOlYkEBlH
966,615644941,General Error,PNjGkCGGXjVOLrqcQQmzWgIYyRRflG
967,372175837,General Error,aqfLeKtBwhqxCMuPxJCLaoFGWtOhLJ
968,217757687,General Error,LRvRoolcHxAplHpRjLNycHEhepBbgB
969,941445509,General Error,oJiaekKRNKfQOjreqSdwKYUmlqAZBK
970,313426640,General Error,dBMYORiVyguLMtCsZUIQORkTNvqHwD
971,414116025,Functional Error,BzloaVlOIQuumRfecTcXZvcGvdvnrz
972,872548747,Functional Error,zlywtDzHjpkWqeqrFWLireYlDsFFlo
973,697109180,Functional Error,bKFwWjhQqONsdgdvxvUuWjPZwqjRDa
974,814576537,Functional Error,pXCadCBnhQbbvjQPAmrgRggLtAuNSY
975,798967273,Functional Error,hBDrrdReuoNUByOOolSHMygNUMbPuk
976,992554781,General Error,YkMKSdApWNJtNWdEwAesUcHYHXMCQp
977,620023492,Functional Error,gZnjCdpHCQoiDDtyXpmWxIqBUhITfm
978,795074651,Functional Error,dowEwxBgkReFFHnSOiEDcpnpVKXYKK
979,750712369,Functional Error,pKdDGooihwkHrfLWCPLjGbmIdDKeXW
980,846319192,General Error,oQHUvEUznNZdENjprAtHNIZMOlPRkF
981,009924155,Functional Error,HDesQzBuWBAoQxJqClWwhCyiPZbMyW
982,827728888,General Error,XQPsJLYtnzWrhGaWKcJBTvqeHFksBV
983,985412583,General Error,jtXKPSKnRzVcRfPYcHNRsIGuUQxgMW
984,836966913,Functional Error,IEmuRQhdFOckJYxnyXAynKyHXEbvvW
985,851018892,General Error,sucAiRpmMWUykWspqkGcqekGocuWdi
986,424255762,General Error,vNczpxoLRGYhpobzUXuYhjGAjeEerY
987,611882262,Functional Error,zSKAkKfruAQYLKvnbstAtBwNbnYyVk
988,192474737,General Error,LKSEQVtwwEkUZrcKjVmZTQXWZUPKXU
989,579935092,General Error,WdKXVBZLIZfktSzGWzHlQxObqAOOXS
990,783261406,Functional Error,wqInVHnBGEiZthgLZFcHCXPjvdlKgX
991,339407996,General Error,ycRgHolxQZZKGUfoLxeOgruwGIZErZ
992,977477997,General Error,sBHkuVUUGeaIKjkLuEYmJWBitXlTTf
993,378696293,Functional Error,lqOYnpAZzzNccdLNfDBmCJcuEirIou
994,164878472,Functional Error,SeWtwYuvtQxjUDzxkcahxRaoIzrwbX
995,316490365,Functional Error,ipgCWPTqLgwFAyjoGLGjWDdEpWlkAa
996,542844375,General Error,YNKtvnPcUCrTsIQrpslyAEUFcQtzaY
997,045787920,Functional Error,vDAYINnyxfVYBjUyHNXHrKDeIxcvFW
998,615208721,General Error,AEpZThwMtwOIGGLHJkjZYAsJxMghLJ
999,481461464,General Error,hUlTyQdaJNjpGEHPSYBFYclialcpkH
1000,929585811,General Error,cKOzBAapQIinYKoIkjHotudnDZYmsU
